{
  "task_type": "binary",
  "single_models": {
    "XGB": {
      "acc": 0.9897271523178808,
      "auc": 0.9987512268736718,
      "f1": 0.992966814536459,
      "precision": 0.9935903019744483,
      "recall": 0.9923441090964453,
      "report": "              precision    recall  f1-score   support\n\n           0     0.9793    0.9826    0.9810     50817\n           1     0.9936    0.9923    0.9930    137933\n\n    accuracy                         0.9897    188750\n   macro avg     0.9864    0.9875    0.9870    188750\nweighted avg     0.9897    0.9897    0.9897    188750\n",
      "confusion_matrix": [
        [
          49934,
          883
        ],
        [
          1056,
          136877
        ]
      ]
    },
    "LGB": {
      "acc": 0.8262251655629139,
      "auc": 0.8331025395340641,
      "f1": 0.8700207649753514,
      "precision": 0.959437136739064,
      "recall": 0.7958501591352323,
      "report": "              precision    recall  f1-score   support\n\n           0     0.6212    0.9087    0.7379     50817\n           1     0.9594    0.7959    0.8700    137933\n\n    accuracy                         0.8262    188750\n   macro avg     0.7903    0.8523    0.8040    188750\nweighted avg     0.8684    0.8262    0.8345    188750\n",
      "confusion_matrix": [
        [
          46176,
          4641
        ],
        [
          28159,
          109774
        ]
      ]
    },
    "CAT": {
      "acc": 0.9920847682119205,
      "auc": 0.999184139309664,
      "f1": 0.994577762292583,
      "precision": 0.9957848530875951,
      "recall": 0.9933735944262794,
      "report": "              precision    recall  f1-score   support\n\n           0     0.9821    0.9886    0.9853     50817\n           1     0.9958    0.9934    0.9946    137933\n\n    accuracy                         0.9921    188750\n   macro avg     0.9890    0.9910    0.9900    188750\nweighted avg     0.9921    0.9921    0.9921    188750\n",
      "confusion_matrix": [
        [
          50237,
          580
        ],
        [
          914,
          137019
        ]
      ]
    },
    "RF": {
      "acc": 0.9922331125827815,
      "auc": 0.9992508131214529,
      "f1": 0.994681970210327,
      "precision": 0.9954041515105313,
      "recall": 0.9939608360580862,
      "report": "              precision    recall  f1-score   support\n\n           0     0.9837    0.9875    0.9856     50817\n           1     0.9954    0.9940    0.9947    137933\n\n    accuracy                         0.9922    188750\n   macro avg     0.9895    0.9908    0.9901    188750\nweighted avg     0.9922    0.9922    0.9922    188750\n",
      "confusion_matrix": [
        [
          50184,
          633
        ],
        [
          833,
          137100
        ]
      ]
    },
    "ET": {
      "acc": 0.7947708609271523,
      "auc": 0.8716505615862038,
      "f1": 0.8749753901270031,
      "precision": 0.7885248571860711,
      "recall": 0.9827162462934903,
      "report": "              precision    recall  f1-score   support\n\n           0     0.8585    0.2846    0.4275     50817\n           1     0.7885    0.9827    0.8750    137933\n\n    accuracy                         0.7948    188750\n   macro avg     0.8235    0.6337    0.6512    188750\nweighted avg     0.8074    0.7948    0.7545    188750\n",
      "confusion_matrix": [
        [
          14464,
          36353
        ],
        [
          2384,
          135549
        ]
      ]
    }
  },
  "ensemble": {
    "acc": 0.9920529801324504,
    "auc": 0.9967497459958528,
    "f1": 0.9945607240764109,
    "precision": 0.9948998469228593,
    "recall": 0.9942218323388892,
    "report": "              precision    recall  f1-score   support\n\n           0     0.9843    0.9862    0.9853     50817\n           1     0.9949    0.9942    0.9946    137933\n\n    accuracy                         0.9921    188750\n   macro avg     0.9896    0.9902    0.9899    188750\nweighted avg     0.9921    0.9921    0.9921    188750\n",
    "confusion_matrix": [
      [
        50114,
        703
      ],
      [
        797,
        137136
      ]
    ],
    "pred_dist": {
      "0": 50911,
      "1": 137839
    }
  }
}