{
  "XGB": {
    "acc": 0.9897271523178808,
    "auc": 0.9987512268736718,
    "f1": 0.992966814536459,
    "precision": 0.9935903019744483,
    "recall": 0.9923441090964453,
    "report": "              precision    recall  f1-score   support\n\n           0     0.9793    0.9826    0.9810     50817\n           1     0.9936    0.9923    0.9930    137933\n\n    accuracy                         0.9897    188750\n   macro avg     0.9864    0.9875    0.9870    188750\nweighted avg     0.9897    0.9897    0.9897    188750\n",
    "confusion_matrix": [
      [
        49934,
        883
      ],
      [
        1056,
        136877
      ]
    ]
  },
  "LGB": {
    "acc": 0.8262251655629139,
    "auc": 0.8331025395340641,
    "f1": 0.8700207649753514,
    "precision": 0.959437136739064,
    "recall": 0.7958501591352323,
    "report": "              precision    recall  f1-score   support\n\n           0     0.6212    0.9087    0.7379     50817\n           1     0.9594    0.7959    0.8700    137933\n\n    accuracy                         0.8262    188750\n   macro avg     0.7903    0.8523    0.8040    188750\nweighted avg     0.8684    0.8262    0.8345    188750\n",
    "confusion_matrix": [
      [
        46176,
        4641
      ],
      [
        28159,
        109774
      ]
    ]
  },
  "CAT": {
    "acc": 0.9920847682119205,
    "auc": 0.999184139309664,
    "f1": 0.994577762292583,
    "precision": 0.9957848530875951,
    "recall": 0.9933735944262794,
    "report": "              precision    recall  f1-score   support\n\n           0     0.9821    0.9886    0.9853     50817\n           1     0.9958    0.9934    0.9946    137933\n\n    accuracy                         0.9921    188750\n   macro avg     0.9890    0.9910    0.9900    188750\nweighted avg     0.9921    0.9921    0.9921    188750\n",
    "confusion_matrix": [
      [
        50237,
        580
      ],
      [
        914,
        137019
      ]
    ]
  },
  "RF": {
    "acc": 0.9922543046357616,
    "auc": 0.9992504885545762,
    "f1": 0.9946961342001392,
    "precision": 0.9954834259158407,
    "recall": 0.9939100867812634,
    "report": "              precision    recall  f1-score   support\n\n           0     0.9835    0.9878    0.9856     50817\n           1     0.9955    0.9939    0.9947    137933\n\n    accuracy                         0.9923    188750\n   macro avg     0.9895    0.9908    0.9902    188750\nweighted avg     0.9923    0.9923    0.9923    188750\n",
    "confusion_matrix": [
      [
        50195,
        622
      ],
      [
        840,
        137093
      ]
    ]
  },
  "ET": {
    "acc": 0.7947708609271523,
    "auc": 0.883656780982061,
    "f1": 0.8748930178179833,
    "precision": 0.7888676629896679,
    "recall": 0.9819767568312151,
    "report": "              precision    recall  f1-score   support\n\n           0     0.8542    0.2866    0.4292     50817\n           1     0.7889    0.9820    0.8749    137933\n\n    accuracy                         0.7948    188750\n   macro avg     0.8215    0.6343    0.6521    188750\nweighted avg     0.8065    0.7948    0.7549    188750\n",
    "confusion_matrix": [
      [
        14566,
        36251
      ],
      [
        2486,
        135447
      ]
    ]
  }
}