{
  "XGB": {
    "acc": 0.45,
    "auc": 0.375,
    "f1": 0.0,
    "precision": 0.0,
    "recall": 0.0,
    "report": "              precision    recall  f1-score   support\n\n           0     0.5294    0.7500    0.6207        12\n           1     0.0000    0.0000    0.0000         8\n\n    accuracy                         0.4500        20\n   macro avg     0.2647    0.3750    0.3103        20\nweighted avg     0.3176    0.4500    0.3724        20\n",
    "confusion_matrix": [
      [
        9,
        3
      ],
      [
        8,
        0
      ]
    ]
  },
  "LGB": {
    "acc": 0.5,
    "auc": 0.46875,
    "f1": 0.375,
    "precision": 0.375,
    "recall": 0.375,
    "report": "              precision    recall  f1-score   support\n\n           0     0.5833    0.5833    0.5833        12\n           1     0.3750    0.3750    0.3750         8\n\n    accuracy                         0.5000        20\n   macro avg     0.4792    0.4792    0.4792        20\nweighted avg     0.5000    0.5000    0.5000        20\n",
    "confusion_matrix": [
      [
        7,
        5
      ],
      [
        5,
        3
      ]
    ]
  },
  "CAT": {
    "acc": 0.5,
    "auc": 0.5104166666666667,
    "f1": 0.28571428571428575,
    "precision": 0.3333333333333333,
    "recall": 0.25,
    "report": "              precision    recall  f1-score   support\n\n           0     0.5714    0.6667    0.6154        12\n           1     0.3333    0.2500    0.2857         8\n\n    accuracy                         0.5000        20\n   macro avg     0.4524    0.4583    0.4505        20\nweighted avg     0.4762    0.5000    0.4835        20\n",
    "confusion_matrix": [
      [
        8,
        4
      ],
      [
        6,
        2
      ]
    ]
  },
  "RF": {
    "acc": 0.55,
    "auc": 0.5,
    "f1": 0.39999999999999997,
    "precision": 0.42857142857142855,
    "recall": 0.375,
    "report": "              precision    recall  f1-score   support\n\n           0     0.6154    0.6667    0.6400        12\n           1     0.4286    0.3750    0.4000         8\n\n    accuracy                         0.5500        20\n   macro avg     0.5220    0.5208    0.5200        20\nweighted avg     0.5407    0.5500    0.5440        20\n",
    "confusion_matrix": [
      [
        8,
        4
      ],
      [
        5,
        3
      ]
    ]
  },
  "ET": {
    "acc": 0.55,
    "auc": 0.53125,
    "f1": 0.47058823529411764,
    "precision": 0.4444444444444444,
    "recall": 0.5,
    "report": "              precision    recall  f1-score   support\n\n           0     0.6364    0.5833    0.6087        12\n           1     0.4444    0.5000    0.4706         8\n\n    accuracy                         0.5500        20\n   macro avg     0.5404    0.5417    0.5396        20\nweighted avg     0.5596    0.5500    0.5535        20\n",
    "confusion_matrix": [
      [
        7,
        5
      ],
      [
        4,
        4
      ]
    ]
  }
}